<?xml version="1.0" encoding="UTF-8"?>
<config date="1299570733290" transient="false" version="3.0">
<site enabled="true" policy="USER-EXCLUDE" updateable="true" url="platform:/base/">
<feature id="com.altibase.areka.developer.feature" plugin-identifier="com.altibase.areka.developer" url="features/com.altibase.areka.developer.feature_1.1.1/" version="1.1.1">
</feature>
<feature id="com.altibase.areka.util.feature" plugin-identifier="com.altibase.areka.util" url="features/com.altibase.areka.util.feature_1.1.1/" version="1.1.1">
</feature>
<feature id="org.eclipse.rcp" url="features/org.eclipse.rcp_3.4.100.r341_v20080814-989JESIEdAciFYfkZZsBfSwQ2341/" version="3.4.100.r341_v20080814-989JESIEdAciFYfkZZsBfSwQ2341">
</feature>
<feature id="com.altibase.areka.container.feature" plugin-identifier="com.altibase.areka.container" url="features/com.altibase.areka.container.feature_2.1.1/" version="2.1.1">
</feature>
<feature id="com.altibase.areka.monitor.feature" plugin-identifier="com.altibase.areka.monitor" url="features/com.altibase.areka.monitor.feature_1.1.0/" version="1.1.0">
</feature>
</site>
</config>
