<?xml version="1.0" encoding="UTF-8"?>
<beans xmlns="http://www.springframework.org/schema/beans"
 xmlns:xsi="http://www.w3.org/2001/XMLSchema-instance"
 xsi:schemaLocation="http://www.springframework.org/schema/beans 
  http://www.springframework.org/schema/beans/spring-beans-2.5.xsd">
 
	
 	<bean id="dataSource" class="org.apache.commons.dbcp.BasicDataSource"
		destroy-method="close">
		<property name="driverClassName" value="Altibase.jdbc.driver.AltibaseDriver"/>
		<property name="url" value="jdbc:Altibase://192.168.1.35:36492/mydb"/>
		<property name="username" value="sys"/> 
		<property name="password" value="manager" /> 
	</bean>
 	
 	<bean id="sqlMapClient" class="org.springframework.orm.ibatis.SqlMapClientFactoryBean">
	    <property name="dataSource" ref="dataSource"/>
	    <property name="configLocation" value="SqlMapConfigExample.xml"/>
 	    <property name="lobHandler" ref="defaultLobHandler"/> 
 	    
 	    <property name="transactionConfigProperties">
			<props>
				<prop key="DefaultAutoCommit">false</prop>
				<prop key="SetAutoCommitAllowed">true</prop>
			</props>
		</property>
		
 	</bean>	
 	<!-- DAO 클래스의 bean 설정 --> 
 	
 
 	<bean id="transactionManager" class="org.springframework.jdbc.datasource.DataSourceTransactionManager">
 		<property name="dataSource" ref="dataSource"/>
 	</bean>
 	
 	<bean id="txProxyTemplate" abstract="true" class="org.springframework.transaction.interceptor.TransactionProxyFactoryBean">
 		<property name="transactionManager"  ref="transactionManager" />        
 		<property name="transactionAttributes">
 			<props>
 				<prop key="insert*">PROPAGATION_REQUIRED</prop>
 				<prop key="update*">PROPAGATION_REQUIRED</prop>
 				<prop key="delete*">PROPAGATION_REQUIRED</prop>
 				<prop key="*">PROPAGATION_SUPPORTS</prop>
 			</props>
 		</property>
 		
 	</bean>
	
  	  
 	<bean id="defaultLobHandler" class="org.springframework.jdbc.support.lob.DefaultLobHandler"
		lazy-init="true" /> 

  
 	   <!--	선언적 트랜잭션을 사용할 경우-->
	
	<bean id="lobSampleDao" parent="txProxyTemplate">
		<property name="target">
            <bean class="com.altibase.lob.LobSampleDao">
            	<property name="sqlMapClient" ref="sqlMapClient"/>
            </bean>
        </property>
    </bean>    
     

	
	

</beans>

