<?xml version="1.0" encoding="UTF-8"?>
<!DOCTYPE sqlMap PUBLIC "-//iBATIS.com//DTD SQL Map 2.0//EN"
"http://www.ibatis.com/dtd/sql-mapconfig-2.dtd">

<sqlMap namespace="LobSample">
    <resultMap id="LobSampleResult" class="com.altibase.lob.LobSample">
	    <result property="lob_id" column="lob_id" />
	    <result property="lobcolumn" column="lobcolumn" jdbcType="CLOB" javaType="java.lang.String" typeHandler="com.altibase.lob.AltibaseClobHandler"/>
   </resultMap>
  
    <parameterMap id="LobSampleParam" class="com.altibase.lob.LobSample">
	    <parameter property="lob_id" />
	    <parameter property="lobcolumn" jdbcType="CLOB" javaType="java.lang.String" />
	</parameterMap>
	
	<select id="getLobSample" parameterClass="int" resultMap="LobSampleResult">
		<![CDATA[
			SELECT lob_id, lobcolumn 
			FROM lobsample
			WHERE lob_id = #value#
		]]>
	</select>
 	
	<insert id="insertLobSample" parameterMap="LobSampleParam">
		<![CDATA[
			INSERT INTO	lobsample (lob_id,lobcolumn)
			VALUES (?,?)
		]]>
	</insert>
		
	<update id="updateLobSample" parameterClass="com.altibase.lob.LobSample">
		<![CDATA[
			UPDATE lobsample
			SET lobcolumn = #lobcolumn#
			WHERE lob_id = #lob_id#
		]]>	
	</update>
	
	<delete id="deleteLobSample" parameterClass="int">
		<![CDATA[
			DELETE lobsample
			WHERE lob_id = #value#
		]]>	
	</delete>
	
	<select id="getAllLobSamples" resultMap="LobSampleResult">
		<![CDATA[
			SELECT * FROM lobsample
		]]>		
	</select>
</sqlMap>	