<?xml version="1.0" encoding="UTF-8"?>
<feature
      id="com.altibase.areka.util.feature"
      label="Utility Feature"
      version="1.1.1"
      provider-name="ALTIBASE Inc."
      plugin="com.altibase.areka.util">

   <description url="http://www.example.com/description">
      [Enter Feature Description here.]
   </description>

   <copyright url="http://www.example.com/copyright">
      [Enter Copyright Description here.]
   </copyright>

   <license url="http://www.example.com/license">
      [Enter License Description here.]
   </license>

   <url>
      <update label="AdminCenter updates" url="http://www.altibase.com/AdminCenter/updates"/>
   </url>

   <requires>
      <import plugin="org.eclipse.ui" version="3.2.0" match="compatible"/>
      <import plugin="org.eclipse.core.runtime" version="3.3.0" match="compatible"/>
      <import plugin="org.apache.log4j" version="1.2.13" match="greaterOrEqual"/>
      <import plugin="org.eclipse.ui.forms" version="3.2.0" match="compatible"/>
      <import plugin="org.apache.derby.core" version="10.0.0" match="greaterOrEqual"/>
   </requires>

   <plugin
         id="com.altibase.areka.util"
         download-size="0"
         install-size="0"
         version="1.1.1"
         unpack="false"/>

   <plugin
         id="com.altibase.areka.log4j.fragment"
         download-size="0"
         install-size="0"
         version="1.0.0"
         fragment="true"
         unpack="false"/>

   <plugin
         id="org.apache.derby.core"
         download-size="0"
         install-size="0"
         version="10.4.2.0"/>

   <plugin
         id="org.apache.log4j"
         download-size="0"
         install-size="0"
         version="1.2.13.v200806030600"
         unpack="false"/>

</feature>
