<?xml version="1.0" encoding="UTF-8"?>
<feature
      id="com.altibase.areka.monitor.feature"
      label="Monitor Feature"
      version="1.1.0"
      provider-name="ALTIBASE Inc."
      plugin="com.altibase.areka.monitor">

   <description url="http://www.example.com/description">
      [Enter Feature Description here.]
   </description>

   <copyright url="http://www.example.com/copyright">
      [Enter Copyright Description here.]
   </copyright>

   <license url="http://www.example.com/license">
      [Enter License Description here.]
   </license>

   <url>
      <update label="AdminCenter updates" url="http://www.altibase.com/AdminCenter/updates"/>
   </url>

   <includes
         id="com.altibase.areka.util.feature"
         version="1.1.1"/>

   <requires>
      <import plugin="org.eclipse.ui"/>
      <import plugin="org.eclipse.core.runtime"/>
      <import plugin="org.apache.log4j" version="1.2.13" match="greaterOrEqual"/>
      <import plugin="org.eclipse.ui.forms" version="3.3.101" match="greaterOrEqual"/>
      <import plugin="org.apache.derby.core" version="10.4.2" match="greaterOrEqual"/>
      <import plugin="com.altibase.areka.util" version="1.0.0" match="greaterOrEqual"/>
   </requires>

   <plugin
         id="com.altibase.areka.monitor"
         download-size="0"
         install-size="0"
         version="1.1.0"
         unpack="false"/>

   <plugin
         id="com.altibase.areka.log4j.fragment"
         download-size="0"
         install-size="0"
         version="1.0.0"
         fragment="true"
         unpack="false"/>

   <plugin
         id="org.apache.derby.core"
         download-size="0"
         install-size="0"
         version="10.4.2.0"/>

</feature>
