<?xml version="1.0" encoding="UTF-8"?>
<feature
      id="com.altibase.areka.container.feature"
      label="AdminCenter"
      version="2.1.1"
      provider-name="ALTIBASE Inc."
      plugin="com.altibase.areka.container">

   <description url="http://www.altibase.com">
      [New Features]
* Online update 지원
   </description>

   <copyright url="http://www.altibase.com/AdminCenter/Copyright.html">
      Copyright (c) 2008 Altibase Corporation. All Rights Reserved.
Altibase Corporation
10F DaerungPostTower II 182-13 Guro-dong, Guro-gu, Seoul,152-847
Korea
* Tel: +82-2-2082-1114
* Fax: +82-2-2082-1099
* E-mail: support@altibase.com
* www: http://www.altibase.com
   </copyright>

   <license url="http://www.altibase.com/AdminCenter/LicenseAgreement.html">
      License Agreement
Copyright (c) 2008 Altibase Corporation. All Rights Reserved.
Altibase Corporation
10F DaerungPostTower II 182-13 Guro-dong, Guro-gu, Seoul,152-847
Korea
* Tel: +82-2-2082-1114
* Fax: +82-2-2082-1099
* E-mail: support@altibase.com
* www: http://www.altibase.com
   </license>

   <url>
      <update label="AdminCenter updates" url="http://www.altibase.com/AdminCenter/updates"/>
   </url>

   <includes
         id="org.eclipse.rcp"
         version="3.4.100.r341_v20080814-989JESIEdAciFYfkZZsBfSwQ2341"/>

   <includes
         id="com.altibase.areka.developer.feature"
         version="1.1.1"/>

   <includes
         id="com.altibase.areka.util.feature"
         version="1.1.1"/>

   <includes
         id="com.altibase.areka.monitor.feature"
         version="1.1.0"/>

   <requires>
      <import plugin="org.apache.log4j" version="1.2.13" match="greaterOrEqual"/>
      <import plugin="org.apache.lucene" version="1.9.1" match="compatible"/>
      <import plugin="org.eclipse.core.variables" version="3.1.0" match="compatible"/>
      <import plugin="org.eclipse.core.runtime" version="3.2.0" match="compatible"/>
      <import plugin="org.eclipse.equinox.common" version="3.2.0" match="compatible"/>
      <import plugin="org.eclipse.equinox.preferences" version="3.2.0" match="compatible"/>
      <import plugin="org.eclipse.equinox.registry" version="3.2.0" match="compatible"/>
      <import plugin="org.eclipse.core.runtime" version="3.3.0" match="compatible"/>
      <import plugin="org.eclipse.equinox.security" version="1.0.0" match="compatible"/>
      <import plugin="org.eclipse.equinox.common" version="3.4.0" match="greaterOrEqual"/>
      <import plugin="org.eclipse.equinox.preferences" version="3.2.200" match="greaterOrEqual"/>
      <import plugin="org.eclipse.osgi" version="3.4.0" match="greaterOrEqual"/>
      <import plugin="org.eclipse.equinox.registry" version="3.4.0" match="greaterOrEqual"/>
      <import plugin="org.eclipse.core.expressions" version="3.1.0" match="compatible"/>
      <import plugin="org.eclipse.core.filesystem" version="1.1.0" match="compatible"/>
      <import plugin="org.eclipse.core.resources" version="3.4.0" match="compatible"/>
      <import plugin="org.eclipse.osgi" version="3.2.0" match="compatible"/>
      <import plugin="org.eclipse.core.jobs" version="3.2.0" match="compatible"/>
      <import plugin="org.eclipse.equinox.registry" version="3.4.0" match="compatible"/>
      <import plugin="org.eclipse.core.contenttype" version="3.3.0" match="compatible"/>
      <import plugin="org.eclipse.equinox.app" version="1.0.0" match="compatible"/>
      <import plugin="org.eclipse.equinox.registry" version="3.3.0"/>
      <import plugin="org.eclipse.core.runtime" version="3.1.0" match="compatible"/>
      <import plugin="org.eclipse.core.expressions" version="3.3.0" match="compatible"/>
      <import plugin="org.apache.lucene.analysis" version="1.9.1" match="compatible"/>
      <import plugin="org.eclipse.core.runtime" version="3.3.0" match="greaterOrEqual"/>
      <import plugin="org.eclipse.help" version="3.3.0" match="compatible"/>
      <import plugin="org.eclipse.help.base" version="3.3.0" match="compatible"/>
      <import plugin="org.eclipse.ui" version="3.2.0" match="compatible"/>
      <import plugin="org.eclipse.ui.forms" version="3.2.0" match="compatible"/>
      <import plugin="org.eclipse.swt" version="3.4.0" match="compatible"/>
      <import plugin="org.eclipse.core.commands" version="3.4.0" match="compatible"/>
      <import plugin="org.eclipse.core.databinding" version="1.0.0" match="compatible"/>
      <import plugin="org.eclipse.swt" version="3.2.0" match="compatible"/>
      <import plugin="org.eclipse.jface" version="3.2.0" match="compatible"/>
      <import plugin="org.eclipse.text" version="3.4.0" match="compatible"/>
      <import plugin="org.eclipse.jface" version="3.4.0" match="compatible"/>
      <import plugin="org.eclipse.core.commands" version="3.2.0" match="compatible"/>
      <import plugin="org.eclipse.equinox.common" version="3.3.0" match="compatible"/>
      <import plugin="org.eclipse.swt" version="3.3.0" match="compatible"/>
      <import plugin="org.eclipse.ui.workbench" version="3.4.0" match="compatible"/>
      <import plugin="org.eclipse.core.expressions" version="3.4.0" match="compatible"/>
      <import plugin="org.eclipse.core.runtime" version="3.4.0" match="compatible"/>
      <import plugin="org.eclipse.help" version="3.2.0" match="compatible"/>
      <import plugin="org.eclipse.core.expressions" version="3.2.0" match="compatible"/>
      <import plugin="org.eclipse.jface.databinding" version="1.1.0" match="compatible"/>
      <import plugin="org.eclipse.update.configurator" version="3.1.0" match="compatible"/>
      <import plugin="org.eclipse.core.net" version="1.0.0" match="compatible"/>
      <import plugin="org.eclipse.update.core" version="3.1.0" match="compatible"/>
      <import plugin="org.eclipse.update.ui" version="3.1.0" match="compatible"/>
      <import plugin="org.eclipse.update.configurator" version="3.1.100" match="compatible"/>
      <import plugin="org.eclipse.help.base" version="3.1.0" match="compatible"/>
      <import plugin="org.apache.jasper" version="5.5.17" match="greaterOrEqual"/>
      <import plugin="org.eclipse.equinox.jsp.jasper.registry" version="1.0.0" match="greaterOrEqual"/>
      <import plugin="org.eclipse.equinox.http.registry" version="1.0.0" match="greaterOrEqual"/>
      <import plugin="org.eclipse.core.runtime" version="3.4.0" match="greaterOrEqual"/>
      <import plugin="org.eclipse.ui" version="3.4.1" match="greaterOrEqual"/>
      <import plugin="org.eclipse.ui.forms" version="3.3.101" match="greaterOrEqual"/>
      <import plugin="org.eclipse.update.configurator" version="3.2.201" match="greaterOrEqual"/>
      <import plugin="org.eclipse.update.core" version="3.2.201" match="greaterOrEqual"/>
      <import plugin="org.eclipse.update.scheduler" version="3.2.100" match="greaterOrEqual"/>
      <import plugin="org.eclipse.update.ui" version="3.2.100" match="greaterOrEqual"/>
      <import plugin="org.apache.ant" version="1.7.0" match="greaterOrEqual"/>
   </requires>

   <plugin
         id="com.altibase.areka.log4j.fragment"
         download-size="0"
         install-size="0"
         version="1.0.0"
         fragment="true"
         unpack="false"/>

   <plugin
         id="com.ibm.icu"
         download-size="0"
         install-size="0"
         version="3.8.1.v20080530"
         unpack="false"/>

   <plugin
         id="javax.servlet"
         download-size="0"
         install-size="0"
         version="2.4.0.v200806031604"
         unpack="false"/>

   <plugin
         id="org.apache.commons.logging"
         download-size="0"
         install-size="0"
         version="1.0.4.v20080605-1930"
         unpack="false"/>

   <plugin
         id="org.apache.derby.core"
         download-size="0"
         install-size="0"
         version="10.4.2.0"/>

   <plugin
         id="org.apache.log4j"
         download-size="0"
         install-size="0"
         version="1.2.13.v200806030600"
         unpack="false"/>

   <plugin
         id="org.apache.lucene"
         download-size="0"
         install-size="0"
         version="1.9.1.v20080530-1600"
         unpack="false"/>

   <plugin
         id="org.apache.lucene.analysis"
         download-size="0"
         install-size="0"
         version="1.9.1.v20080530-1600"
         unpack="false"/>

   <plugin
         id="org.eclipse.ant.core"
         download-size="0"
         install-size="0"
         version="3.2.0.v20080529"
         unpack="false"/>

   <plugin
         id="org.eclipse.core.commands"
         download-size="0"
         install-size="0"
         version="3.4.0.I20080509-2000"
         unpack="false"/>

   <plugin
         id="org.eclipse.core.contenttype"
         download-size="0"
         install-size="0"
         version="3.3.0.v20080604-1400"
         unpack="false"/>

   <plugin
         id="org.eclipse.core.databinding"
         download-size="0"
         install-size="0"
         version="1.1.1.M20080827-0800b"
         unpack="false"/>

   <plugin
         id="org.eclipse.core.expressions"
         download-size="0"
         install-size="0"
         version="3.4.0.v20080603-2000"
         unpack="false"/>

   <plugin
         id="org.eclipse.core.filesystem"
         download-size="0"
         install-size="0"
         version="1.2.0.v20080604-1400"
         unpack="false"/>

   <plugin
         id="org.eclipse.core.jobs"
         download-size="0"
         install-size="0"
         version="3.4.0.v20080512"
         unpack="false"/>

   <plugin
         id="org.eclipse.core.net"
         download-size="0"
         install-size="0"
         version="1.1.0.I20080604"
         unpack="false"/>

   <plugin
         id="org.eclipse.core.resources"
         download-size="0"
         install-size="0"
         version="3.4.1.R34x_v20080902"
         unpack="false"/>

   <plugin
         id="org.eclipse.core.resources.compatibility"
         download-size="0"
         install-size="0"
         version="3.4.0.v20080604-1400"
         fragment="true"
         unpack="false"/>

   <plugin
         id="org.eclipse.core.runtime"
         download-size="0"
         install-size="0"
         version="3.4.0.v20080512"
         unpack="false"/>

   <plugin
         id="org.eclipse.core.runtime.compatibility.auth"
         download-size="0"
         install-size="0"
         version="3.2.100.v20070502"
         unpack="false"/>

   <plugin
         id="org.eclipse.core.runtime.compatibility.registry"
         download-size="0"
         install-size="0"
         version="3.2.200.v20080610"
         fragment="true"/>

   <plugin
         id="org.eclipse.core.variables"
         download-size="0"
         install-size="0"
         version="3.2.100.v20080529-1300"
         unpack="false"/>

   <plugin
         id="org.eclipse.equinox.app"
         download-size="0"
         install-size="0"
         version="1.1.0.v20080421-2006"
         unpack="false"/>

   <plugin
         id="org.eclipse.equinox.common"
         download-size="0"
         install-size="0"
         version="3.4.0.v20080421-2006"
         unpack="false"/>

   <plugin
         id="org.eclipse.equinox.http.jetty"
         download-size="0"
         install-size="0"
         version="1.1.0.v20080425"
         unpack="false"/>

   <plugin
         id="org.eclipse.equinox.http.servlet"
         download-size="0"
         install-size="0"
         version="1.0.100.v20080427-0830"
         unpack="false"/>

   <plugin
         id="org.eclipse.equinox.preferences"
         download-size="0"
         install-size="0"
         version="3.2.201.R34x_v20080709"
         unpack="false"/>

   <plugin
         id="org.eclipse.equinox.registry"
         download-size="0"
         install-size="0"
         version="3.4.0.v20080516-0950"
         unpack="false"/>

   <plugin
         id="org.eclipse.equinox.security"
         download-size="0"
         install-size="0"
         version="1.0.1.R34x_v20080721"
         unpack="false"/>

   <plugin
         id="org.eclipse.help"
         download-size="0"
         install-size="0"
         version="3.3.101.v20080702_34x"
         unpack="false"/>

   <plugin
         id="org.eclipse.help.base"
         download-size="0"
         install-size="0"
         version="3.3.101.M20080728_34x"
         unpack="false"/>

   <plugin
         id="org.eclipse.help.ui"
         download-size="0"
         install-size="0"
         version="3.3.101.M20080715_34x"
         unpack="false"/>

   <plugin
         id="org.eclipse.jface"
         download-size="0"
         install-size="0"
         version="3.4.1.M20080827-2000"
         unpack="false"/>

   <plugin
         id="org.eclipse.jface.databinding"
         download-size="0"
         install-size="0"
         version="1.2.1.M20080827-0800a"
         unpack="false"/>

   <plugin
         id="org.eclipse.jface.text"
         download-size="0"
         install-size="0"
         version="3.4.1.r341_v20080827-1100"
         unpack="false"/>

   <plugin
         id="org.eclipse.osgi"
         download-size="0"
         install-size="0"
         version="3.4.2.R34x_v20080826-1230"
         unpack="false"/>

   <plugin
         id="org.eclipse.osgi.services"
         download-size="0"
         install-size="0"
         version="3.1.200.v20071203"
         unpack="false"/>

   <plugin
         id="org.eclipse.swt"
         download-size="0"
         install-size="0"
         version="3.4.1.v3449c"
         unpack="false"/>

   <plugin
         id="org.eclipse.text"
         download-size="0"
         install-size="0"
         version="3.4.0.v20080605-1800"
         unpack="false"/>

   <plugin
         id="org.eclipse.ui"
         download-size="0"
         install-size="0"
         version="3.4.1.M20080910-0800"
         unpack="false"/>

   <plugin
         id="org.eclipse.ui.forms"
         download-size="0"
         install-size="0"
         version="3.3.101.v20080708_34x"
         unpack="false"/>

   <plugin
         id="org.eclipse.ui.workbench"
         download-size="0"
         install-size="0"
         version="3.4.1.M20080827-0800a"
         unpack="false"/>

   <plugin
         id="org.eclipse.update.configurator"
         download-size="0"
         install-size="0"
         version="3.2.201.R34x_v20080819"
         unpack="false"/>

   <plugin
         id="org.eclipse.update.core"
         download-size="0"
         install-size="0"
         version="3.2.201.R34x_v20080714"
         unpack="false"/>

   <plugin
         id="org.eclipse.update.ui"
         download-size="0"
         install-size="0"
         version="3.2.100.v20080318"
         unpack="false"/>

   <plugin
         id="org.eclipse.update.scheduler"
         download-size="0"
         install-size="0"
         version="3.2.100.v20080404"
         unpack="false"/>

   <plugin
         id="org.eclipse.help.appserver"
         download-size="0"
         install-size="0"
         version="3.1.300.v20080507"
         unpack="false"/>

   <plugin
         id="org.eclipse.help.webapp"
         download-size="0"
         install-size="0"
         version="3.3.101.M20080805_34x"
         unpack="false"/>

   <plugin
         id="org.apache.jasper"
         download-size="0"
         install-size="0"
         version="5.5.17.v200806031609"
         unpack="false"/>

   <plugin
         id="org.eclipse.equinox.jsp.jasper.registry"
         download-size="0"
         install-size="0"
         version="1.0.0.v20080427-0830"
         unpack="false"/>

   <plugin
         id="org.eclipse.equinox.http.registry"
         download-size="0"
         install-size="0"
         version="1.0.100.v20080427-0830"
         unpack="false"/>

   <plugin
         id="javax.servlet.jsp"
         download-size="0"
         install-size="0"
         version="2.0.0.v200806031607"
         unpack="false"/>

   <plugin
         id="org.mortbay.jetty"
         download-size="0"
         install-size="0"
         version="5.1.14.v200806031611"
         unpack="false"/>

   <plugin
         id="org.apache.commons.el"
         download-size="0"
         install-size="0"
         version="1.0.0.v200806031608"
         unpack="false"/>

   <plugin
         id="org.eclipse.equinox.jsp.jasper"
         download-size="0"
         install-size="0"
         version="1.0.100.v20080427-0830"
         unpack="false"/>

   <plugin
         id="com.altibase.areka.container"
         download-size="0"
         install-size="0"
         version="2.1.1"
         unpack="false"/>

   <plugin
         id="org.apache.ant"
         download-size="0"
         install-size="0"
         version="1.7.0.v200803061910"/>

</feature>
